{
  "weekday": {
    "06": {
      "verycold": null,
      "cold": null,
      "humid": null,
      "hot": null,
      "veryhot": null
    },
    "07": {
      "verycold": 0.698785,
      "cold": 0.708305,
      "humid": 0.716183,
      "hot": 0.716203,
      "veryhot": 0.705693
    },
    "08": {
      "verycold": 0.889118,
      "cold": 0.897866,
      "humid": 0.886069,
      "hot": 0.887336,
      "veryhot": 0.863426
    },
    "09": {
      "verycold": 0.553462,
      "cold": 0.553482,
      "humid": 0.551779,
      "hot": 0.545584,
      "veryhot": 0.537093
    },
    "10": {
      "verycold": 0.437987,
      "cold": 0.435454,
      "humid": 0.434959,
      "hot": 0.434583,
      "veryhot": 0.43482
    },
    "11": {
      "verycold": 0.411306,
      "cold": 0.410514,
      "humid": 0.408574,
      "hot": 0.409722,
      "veryhot": 0.409802
    },
    "12": {
      "verycold": 0.405803,
      "cold": 0.40426,
      "humid": 0.40418,
      "hot": 0.403131,
      "veryhot": 0.404853
    },
    "13": {
      "verycold": 0.403883,
      "cold": 0.403032,
      "humid": 0.404655,
      "hot": 0.40418,
      "veryhot": 0.401627
    },
    "14": {
      "verycold": 0.376964,
      "cold": 0.377558,
      "humid": 0.379043,
      "hot": 0.377855,
      "veryhot": 0.378687
    },
    "15": {
      "verycold": 0.35438,
      "cold": 0.355271,
      "humid": 0.357349,
      "hot": 0.357824,
      "veryhot": 0.356162
    },
    "16": {
      "verycold": 0.320534,
      "cold": 0.323364,
      "humid": 0.327125,
      "hot": 0.328906,
      "veryhot": 0.325838
    },
    "17": {
      "verycold": 0.107478,
      "cold": 0.114762,
      "humid": 0.119116,
      "hot": 0.132259,
      "veryhot": 0.117889
    },
    "18": {
      "verycold": 0.051364,
      "cold": 0.055184,
      "humid": 0.074344,
      "hot": 0.092356,
      "veryhot": 0.073631
    },
    "19": {
      "verycold": 0.264578,
      "cold": 0.260718,
      "humid": 0.271169,
      "hot": 0.280511,
      "veryhot": 0.283322
    },
    "20": {
      "verycold": 0.269981,
      "cold": 0.266775,
      "humid": 0.266141,
      "hot": 0.273861,
      "veryhot": 0.277008
    },
    "21": {
      "verycold": 0.297494,
      "cold": 0.292506,
      "humid": 0.278136,
      "hot": 0.287301,
      "veryhot": 0.29793
    },
    "22": {
      "verycold": 0.33712,
      "cold": 0.335319,
      "humid": 0.319227,
      "hot": 0.325244,
      "veryhot": 0.332251
    }
  },
  "weekend": {
    "06": {
      "verycold": null,
      "cold": null,
      "humid": null,
      "hot": null,
      "veryhot": null
    },
    "07": {
      "verycold": 0.522042,
      "cold": 0.525397,
      "humid": 0.526989,
      "hot": 0.522917,
      "veryhot": 0.521869
    },
    "08": {
      "verycold": 0.526299,
      "cold": 0.537519,
      "humid": 0.533222,
      "hot": 0.529097,
      "veryhot": 0.529721
    },
    "09": {
      "verycold": 0.535211,
      "cold": 0.542121,
      "humid": 0.540397,
      "hot": 0.538752,
      "veryhot": 0.535331
    },
    "10": {
      "verycold": 0.543328,
      "cold": 0.550145,
      "humid": 0.549229,
      "hot": 0.545039,
      "veryhot": 0.541537
    },
    "11": {
      "verycold": 0.547253,
      "cold": 0.5485,
      "humid": 0.557837,
      "hot": 0.555847,
      "veryhot": 0.544574
    },
    "12": {
      "verycold": 0.542744,
      "cold": 0.539482,
      "humid": 0.551179,
      "hot": 0.550649,
      "veryhot": 0.539243
    },
    "13": {
      "verycold": 0.539256,
      "cold": 0.540728,
      "humid": 0.571417,
      "hot": 0.553686,
      "veryhot": 0.540556
    },
    "14": {
      "verycold": 0.529164,
      "cold": 0.529774,
      "humid": 0.554256,
      "hot": 0.548129,
      "veryhot": 0.531538
    },
    "15": {
      "verycold": 0.520636,
      "cold": 0.519456,
      "humid": 0.52614,
      "hot": 0.544415,
      "veryhot": 0.5261
    },
    "16": {
      "verycold": 0.507347,
      "cold": 0.506764,
      "humid": 0.512944,
      "hot": 0.526856,
      "veryhot": 0.512957
    },
    "17": {
      "verycold": 0.499655,
      "cold": 0.500013,
      "humid": 0.502095,
      "hot": 0.51675,
      "veryhot": 0.511339
    },
    "18": {
      "verycold": 0.489907,
      "cold": 0.487998,
      "humid": 0.484284,
      "hot": 0.50008,
      "veryhot": 0.50626
    },
    "19": {
      "verycold": 0.484351,
      "cold": 0.476765,
      "humid": 0.471287,
      "hot": 0.480239,
      "veryhot": 0.49752
    },
    "20": {
      "verycold": 0.463701,
      "cold": 0.455532,
      "humid": 0.432774,
      "hot": 0.449484,
      "veryhot": 0.465001
    },
    "21": {
      "verycold": 0.48516,
      "cold": 0.470399,
      "humid": 0.447163,
      "hot": 0.463463,
      "veryhot": 0.473197
    },
    "22": {
      "verycold": 0.499509,
      "cold": 0.484947,
      "humid": 0.470757,
      "hot": 0.478661,
      "veryhot": 0.485637
    }
  }
}