{
  "weekday": {
    "06": {
      "rain": null,
      "snow": null,
      "clear": null,
      "cloudy": null
    },
    "07": {
      "rain": 0.714817,
      "snow": 0.695539,
      "clear": 0.711215,
      "cloudy": 0.705989
    },
    "08": {
      "rain": 0.890661,
      "snow": 0.913345,
      "clear": 0.887673,
      "cloudy": 0.887633
    },
    "09": {
      "rain": 0.549859,
      "snow": 0.560271,
      "clear": 0.550671,
      "cloudy": 0.549384
    },
    "10": {
      "rain": 0.435909,
      "snow": 0.437651,
      "clear": 0.434464,
      "cloudy": 0.43674
    },
    "11": {
      "rain": 0.410712,
      "snow": 0.410099,
      "clear": 0.409762,
      "cloudy": 0.410198
    },
    "12": {
      "rain": 0.404042,
      "snow": 0.406753,
      "clear": 0.405289,
      "cloudy": 0.404141
    },
    "13": {
      "rain": 0.402241,
      "snow": 0.408139,
      "clear": 0.402439,
      "cloudy": 0.404141
    },
    "14": {
      "rain": 0.377499,
      "snow": 0.37932,
      "clear": 0.378706,
      "cloudy": 0.377697
    },
    "15": {
      "rain": 0.35636,
      "snow": 0.354341,
      "clear": 0.356419,
      "cloudy": 0.35632
    },
    "16": {
      "rain": 0.324571,
      "snow": 0.319762,
      "clear": 0.325324,
      "cloudy": 0.326511
    },
    "17": {
      "rain": 0.104746,
      "snow": 0.099006,
      "clear": 0.120165,
      "cloudy": 0.117869
    },
    "18": {
      "rain": 0.055659,
      "snow": 0.024286,
      "clear": 0.07187,
      "cloudy": 0.06611
    },
    "19": {
      "rain": 0.273386,
      "snow": 0.252306,
      "clear": 0.275009,
      "cloudy": 0.273109
    },
    "20": {
      "rain": 0.275959,
      "snow": 0.25763,
      "clear": 0.269328,
      "cloudy": 0.271209
    },
    "21": {
      "rain": 0.304105,
      "snow": 0.293793,
      "clear": 0.28827,
      "cloudy": 0.294486
    },
    "22": {
      "rain": 0.343771,
      "snow": 0.334745,
      "clear": 0.33142,
      "cloudy": 0.332806
    }
  },
  "weekend": {
    "06": {
      "rain": null,
      "snow": null,
      "clear": null,
      "cloudy": null
    },
    "07": {
      "rain": 0.522997,
      "snow": 0.53537,
      "clear": 0.524296,
      "cloudy": 0.522042
    },
    "08": {
      "rain": 0.526564,
      "snow": 0.563871,
      "clear": 0.528355,
      "cloudy": 0.529721
    },
    "09": {
      "rain": 0.540755,
      "snow": 0.549747,
      "clear": 0.537996,
      "cloudy": 0.537572
    },
    "10": {
      "rain": 0.543593,
      "snow": 0.546696,
      "clear": 0.544362,
      "cloudy": 0.54663
    },
    "11": {
      "rain": 0.546418,
      "snow": null,
      "clear": 0.55285,
      "cloudy": 0.55041
    },
    "12": {
      "rain": 0.542837,
      "snow": null,
      "clear": 0.543381,
      "cloudy": 0.543646
    },
    "13": {
      "rain": 0.540728,
      "snow": null,
      "clear": 0.543765,
      "cloudy": 0.547174
    },
    "14": {
      "rain": 0.530596,
      "snow": null,
      "clear": 0.537254,
      "cloudy": 0.53476
    },
    "15": {
      "rain": 0.522559,
      "snow": null,
      "clear": 0.528209,
      "cloudy": 0.525556
    },
    "16": {
      "rain": 0.505583,
      "snow": null,
      "clear": 0.516008,
      "cloudy": 0.509575
    },
    "17": {
      "rain": 0.506087,
      "snow": 0.499668,
      "clear": 0.507493,
      "cloudy": 0.507228
    },
    "18": {
      "rain": 0.488926,
      "snow": 0.488422,
      "clear": 0.493515,
      "cloudy": 0.492772
    },
    "19": {
      "rain": 0.478024,
      "snow": 0.485929,
      "clear": 0.482069,
      "cloudy": 0.484815
    },
    "20": {
      "rain": 0.458237,
      "snow": 0.462136,
      "clear": 0.45646,
      "cloudy": 0.454444
    },
    "21": {
      "rain": 0.481313,
      "snow": 0.486154,
      "clear": 0.470571,
      "cloudy": 0.468661
    },
    "22": {
      "rain": 0.499496,
      "snow": 0.498355,
      "clear": 0.480796,
      "cloudy": 0.484775
    }
  }
}