{
  "metadata": {
    "location": "yeouido",
    "base": "2024",
    "hours": [
      "07",
      "08",
      "09",
      "10",
      "11",
      "12",
      "13",
      "14",
      "15",
      "16",
      "17",
      "18",
      "19",
      "20",
      "21",
      "22"
    ],
    "weekday_basis": "parking_availability_ratio_reset_at_07",
    "holiday_basis": "1 - subway_minmax"
  },
  "weights": {
    "weekday": {
      "07": 1.0,
      "08": 0.834733893557423,
      "09": 0.5546218487394958,
      "10": 0.4341736694677871,
      "11": 0.3585434173669468,
      "12": 0.31092436974789917,
      "13": 0.3025210084033613,
      "14": 0.30532212885154064,
      "15": 0.3081232492997199,
      "16": 0.33053221288515405,
      "17": 0.36694677871148457,
      "18": 0.46218487394957986,
      "19": 0.6022408963585434,
      "20": 0.7030812324929971,
      "21": 0.8207282913165266,
      "22": 0.9355742296918768
    },
    "holiday": {
      "07": 1.0,
      "08": 0.8268210323203088,
      "09": 0.6459237819585143,
      "10": 0.42354076218041486,
      "11": 0.24167872648335745,
      "12": 0.2305836951278341,
      "13": 0.14520019295706707,
      "14": 0.11915098890496859,
      "15": 0.1345875542691751,
      "16": 0.07621804148576944,
      "17": 0.10950313555233962,
      "18": 0.17655571635311149,
      "19": 0.2566328991799325,
      "20": 0.0,
      "21": 0.3675832127351665,
      "22": 0.7284129281234926
    }
  }
}